REG_ID,BAT_ID,SORTORDER
28,122,76661
28,161,76663
28,144,76671
28,170,76687
30,228,76693
30,110,78088
30,111,79579
30,112,79601
30,114,79635
30,117,79665
30,118,80313
30,120,81195
30,121,82086
30,122,82247
30,162,82254
30,163,83044
30,123,83777
30,124,84241
30,125,84868
30,126,85240
30,127,85480
30,128,85491
30,129,85494
30,130,85542
30,144,85543
30,230,85572
30,231,86131
30,232,86970
30,180,87149
30,183,87163
30,166,87642
30,185,87850
30,233,87851
30,187,87869
30,167,88421
30,234,88749
30,189,89291
32,109,89564
32,110,90870
32,111,92150
32,112,92210
32,236,92226
32,160,92911
32,237,93310
32,183,93319
32,166,93742
32,187,94137
32,167,94645
32,238,95052
32,188,95059
32,189,95554
32,117,95771
32,118,96487
32,120,97497
32,121,98158
32,122,98369
32,161,98401
32,162,98406
32,163,99034
32,123,99610
32,124,100150
32,125,100151
32,126,100156
32,127,100167
32,171,100168
32,172,100171
32,173,100182
32,144,100211
32,170,100228
34,109,100250
34,110,101588
34,111,102241
34,114,102271
34,115,102842
34,116,103246
34,117,104412
34,118,104601
34,120,104608
34,121,104725
34,144,104726
34,112,104752
34,157,104765
34,159,105549
34,160,106135
56,310,200250
56,311,200269
58,109,200272
58,170,201276
58,144,201297
58,110,201306
58,111,202219
58,112,202232
58,313,202234
58,113,202241
58,308,202613
58,114,203107
58,115,203276
58,116,203696
58,117,204323
58,118,205343
58,120,206293
58,121,206463
58,161,206464
58,162,206467
58,163,206468
58,123,206477
58,124,206481
60,109,206491
60,110,207900
60,111,209006
60,112,209035
60,113,209045
60,114,209296
60,115,209531
60,316,209920
60,116,210099
60,117,210498
60,118,211159
60,120,211421
60,121,211880
60,122,211892
60,144,211965
62,109,212002
62,170,212560
62,110,212573
62,220,213671
62,221,213679
62,113,213714
62,114,214631
62,115,215132
62,116,215347
62,117,215388
62,318,215416
62,144,215420
62,319,215449
62,320,215451
62,158,215945
62,226,216486
62,165,216489
62,118,216505
62,321,216507
62,322,216991
62,323,217409
62,324,217411
64,109,217413
64,170,219194
64,110,219228
64,220,220694
64,111,220717
64,112,220757
64,113,221201
64,114,221533
64,115,221800
64,326,222105
64,117,222124
64,118,223197
64,120,224269
64,121,225230
64,122,225237
64,161,225822
64,162,225825
64,163,225850
64,123,225851
64,124,225866
64,144,225871
66,109,225877
66,110,227619
66,116,228328
82,115,293427
82,116,293749
82,316,294023
82,117,294659
82,118,294664
82,144,294683
84,109,294698
84,110,296055
84,111,296463
84,114,296496
84,115,297182
84,116,297807
84,117,297905
84,118,297917
84,120,298169
84,121,298192
84,431,298233
84,112,298243
84,157,298248
84,158,298395
84,226,298450
84,159,298453
84,160,298719
84,144,298721
86,109,298725
86,110,298770
86,111,300345
86,112,300384
86,157,300387
86,158,301183
86,226,301710
86,159,301712
86,160,302188
86,181,302809
86,114,302813
86,183,302815
86,166,303352
86,187,303602
86,167,304179
86,116,304471
86,117,305107
86,118,305855
86,120,306415
86,121,306421
86,122,306445
86,144,306475
88,109,306483
88,110,306527
88,111,308141
88,112,308188
88,236,308635
88,160,308934
88,183,308939
88,166,308959
88,115,309015
88,116,310013
88,117,310228
88,118,310992
88,120,311000
88,121,311692
88,122,312229
88,161,312958
88,162,312962
88,163,312967
88,123,313130
88,144,313156
88,436,313163
88,437,313170
88,438,313173
88,439,313184
90,109,313192
90,110,313704
90,111,314966
90,157,315027
90,159,315297
90,441,315630
90,183,315640
90,115,315931
90,116,315956
90,117,316376
90,118,317102
90,120,317369
90,121,317529
90,122,317541
108,485,371150
108,120,371193
108,121,371253
108,122,371465
108,165,371468
108,157,371477
108,158,371595
108,113,371667
108,159,371677
108,160,371852
110,807,371888
110,492,396094
111,493,402341
112,807,402427
112,495,413717
112,496,413820
112,497,413852
112,498,413869
112,499,413888
112,500,413967
112,501,414003
112,502,414040
112,503,414065
112,504,414119
112,505,414153
112,506,414174
112,507,414199
112,508,414235
112,509,414294
112,510,414382
112,511,414429
112,512,414469
112,513,414513
112,514,414590
112,515,414646
112,516,414743
112,517,414793
112,518,414865
112,519,414896
112,520,414952
112,521,415038
112,522,415064
112,523,415095
112,524,415132
112,525,415150
115,109,415176
115,110,415243
115,111,416674
115,112,416714
115,113,417629
115,114,418487
115,115,419361
115,116,419937
115,117,420413
115,118,421059
115,120,421577
115,121,421597
115,122,421730
115,161,422079
115,162,422086
115,123,422103
115,124,422110
115,158,422120
115,160,422135
115,165,422144
115,226,422148
115,181,422151
115,170,422153
115,220,422198
115,144,422202
117,109,422230
117,528,423213
117,298,423537
117,529,423574
117,530,423907
117,354,424195
117,531,424752
117,183,425233
117,365,425702
117,532,425998
117,533,426017
117,534,426709
117,370,427640
117,276,427771
117,535,428396
117,536,428405
117,537,429159
117,538,429451
117,539,429810
117,540,429844
117,541,429875
117,542,429880
117,144,429918
119,109,429922
119,110,429955
119,111,429986
119,112,430024
119,187,430062
119,167,430078
119,188,430086
119,189,430104
119,117,430111
119,118,430130
119,120,430146
119,121,430151
119,161,430152
119,162,430163
119,123,430164
119,144,430165
119,114,430817
119,309,430887
119,407,430973
119,170,431227
119,163,431926
119,544,431933
119,113,432150
119,545,432283
119,546,432291
119,122,432762
119,547,434586
119,548,434842
119,406,435280
119,116,435377
119,549,435499
119,550,436350
119,238,437760
121,807,438822
121,552,454044
121,553,454473
121,554,454857
123,109,454947
123,110,456445
123,269,458281
123,118,458306
123,556,458718
123,557,458922
123,558,459080
123,281,459094
123,559,459717
123,560,460459
123,123,460467
123,124,460471
123,561,460474
123,562,460482
123,563,461080
123,564,461341
123,565,461362
123,566,461462
123,567,461466
123,568,461497
123,569,461499
123,570,461519
123,571,461539
123,572,461540
123,573,462026
123,574,462061
123,242,462063
123,575,462076
123,379,462078
123,381,462083
123,380,462084
123,576,462087
123,377,462089
123,577,462097
123,378,462101
123,144,462116
125,109,462122
125,110,463362
90,161,318034
90,162,318571
90,163,319081
90,123,319479
90,124,319710
90,125,320124
90,126,320293
90,127,320313
90,128,320328
90,129,320335
90,130,320365
90,171,320566
90,172,320570
90,173,320572
90,144,320585
92,109,320609
92,110,322156
92,112,323197
92,113,323567
92,443,323814
92,444,324305
92,445,325263
92,369,326018
92,370,327123
92,118,327977
92,120,328098
92,121,328105
92,446,328114
92,447,328265
92,144,328493
92,448,328504
95,109,328541
95,110,330072
95,111,330378
95,451,330408
95,452,331276
95,453,331641
95,454,331650
95,455,332274
95,456,332472
95,457,332474
95,114,332612
95,115,333373
95,116,333787
95,117,334278
95,118,335191
95,120,335765
95,121,335774
95,122,335832
95,161,335835
95,162,335838
95,144,335845
95,458,335869
97,109,335872
97,110,337511
97,111,338761
97,113,338814
97,114,339150
97,115,340349
97,116,341189
97,460,341194
97,170,341200
97,220,341229
97,144,341238
97,112,341254
97,157,341266
97,158,341655
97,226,341659
97,117,341660
97,461,341669
97,462,341670
97,463,341671
97,464,341673
97,465,341674
97,466,341675
97,467,341678
97,468,341679
97,469,341681
97,470,341685
100,144,341686
100,471,341700
100,109,341706
100,110,343190
100,111,343633
100,157,343664
100,158,343686
100,226,343906
100,252,343975
100,159,343982
100,160,344046
100,114,344052
100,115,345195
100,116,346380
100,117,347120
100,118,347127
100,120,347674
100,121,348156
100,472,348161
100,473,348225
102,109,348267
102,110,348904
102,351,350522
102,111,350580
102,114,350626
102,115,351342
102,116,351755
102,117,352426
102,158,353685
102,118,354274
102,120,354919
102,121,354927
102,122,355146
102,161,355150
102,162,355155
102,163,355191
102,170,355205
102,220,355235
102,221,355248
102,165,355250
102,112,355266
102,226,355274
102,180,355278
102,181,355279
102,475,355284
102,476,355286
102,477,355291
102,478,355306
102,479,355312
102,157,355322
102,113,356086
102,159,356534
102,160,357042
104,144,357300
104,109,357321
104,110,358307
104,111,358661
104,157,358696
104,165,359064
104,158,359077
104,226,359087
104,113,359088
104,114,359755
104,115,360310
104,116,361358
104,117,361494
104,118,361511
104,481,361749
106,109,361791
106,110,363393
106,111,363814
106,112,363865
106,144,364128
106,113,364139
106,114,365387
106,115,366332
106,116,367306
106,117,367313
106,118,367314
106,120,367372
108,174,367399
108,109,367410
108,110,368724
108,111,368768
108,114,368798
108,115,369648
108,116,370312
108,484,371133
108,118,371146
140,651,516421
140,652,516445
140,653,516464
140,654,516537
142,109,516552
142,110,517961
142,111,519265
142,113,519300
142,114,520006
142,115,520632
142,116,520882
142,144,520890
142,598,520940
142,656,520941
142,562,520944
142,563,521145
142,657,521180
142,658,521206
144,109,521209
144,110,522068
144,111,523189
144,112,523271
144,120,523292
144,121,523990
144,122,524981
144,161,525098
144,163,525104
144,660,525730
144,124,526407
144,125,527071
144,126,527633
144,127,528279
144,128,528973
144,129,529602
144,661,529888
144,662,530050
144,663,530059
144,664,530066
144,144,530073
144,159,530090
144,160,530570
144,180,530815
144,183,530828
144,166,531465
144,665,531726
144,187,531733
144,167,532299
144,406,532614
144,666,532617
144,189,533160
144,667,533285
144,117,533317
144,190,533451
144,191,533725
144,668,533963
144,669,533968
144,608,534422
144,585,534542
144,670,534552
144,671,534553
144,170,534554
144,220,534576
144,672,534579
144,172,534590
144,173,534604
146,109,534609
146,674,534879
146,220,534923
146,144,534933
146,110,535051
146,675,536666
146,112,536717
146,676,537160
146,113,537166
146,308,537542
146,114,537942
146,115,538097
146,116,538579
146,117,538944
146,608,539940
146,120,540079
146,121,541081
146,122,542152
146,161,543184
138,610,499065
138,120,499071
138,121,499614
138,122,500262
138,161,500926
138,162,500949
138,163,500953
138,123,501602
138,124,502209
138,125,502488
138,126,502636
138,127,502950
138,128,503290
138,129,503293
138,130,503828
138,131,503838
138,132,503870
138,133,503921
138,266,503925
138,267,503932
138,341,503959
138,342,503968
138,134,503978
138,611,503990
138,425,503991
138,291,503994
138,612,503999
138,613,504015
1,1,1
1,2,150
1,3,251
1,4,326
1,5,754
1,6,872
1,7,1062
1,8,1355
1,9,1530
1,10,1708
1,11,1894
1,12,1996
1,13,2153
1,14,2301
1,15,2477
1,16,2622
1,17,2855
1,18,2988
1,19,3153
1,20,3246
1,21,3296
1,22,3379
1,23,3430
1,24,3442
1,25,3448
1,26,3456
1,27,3461
1,28,3466
1,29,3476
1,30,3485
1,31,3495
1,32,3508
1,33,3518
1,34,3527
1,35,3557
1,36,3585
1,37,3677
1,38,3705
1,39,3715
1,40,3794
1,41,3856
1,42,3990
1,43,4014
1,44,4050
1,45,4073
1,46,4114
1,47,4146
1,48,4180
1,49,4190
1,50,4225
1,51,4353
1,52,4405
1,53,4493
1,54,4653
1,55,4698
1,56,4731
1,57,4819
1,58,4909
1,59,4960
1,60,5012
1,61,5115
1,62,5249
1,63,5306
1,64,5401
1,65,5630
1,66,5776
1,67,5885
1,68,6018
1,69,6174
1,70,6387
1,71,6534
1,72,6739
1,73,6758
1,74,6781
1,75,6802
1,76,6805
1,77,6807
1,78,6811
1,79,6851
1,80,6894
1,81,6928
1,82,7055
1,83,7069
1,84,7076
1,85,7093
1,86,7124
1,87,7299
1,88,7424
1,89,7451
1,90,7490
1,91,7518
1,92,7662
1,93,7749
1,94,7803
1,95,7865
1,96,7927
1,97,8023
1,98,8160
1,99,8180
1,100,8208
1,101,8281
1,102,8308
1,103,8399
1,104,8432
1,105,8455
1,106,8642
1,107,8676
3,109,8729
3,110,9482
3,111,10931
3,112,11698
3,113,13333
3,114,13361
3,115,13382
3,116,14203
3,117,15226
3,118,16526
3,119,17254
3,120,17255
3,121,18242
3,122,18685
3,123,19421
3,124,19937
3,125,19960
3,126,19993
3,127,20558
3,128,20576
3,129,21012
3,130,21733
3,131,22266
3,132,22393
3,133,22891
3,134,22895
3,135,23300
3,136,23327
3,137,23328
3,138,23329
3,139,23342
3,140,23387
3,141,23407
3,142,23413
3,143,23454
3,144,23467
3,145,23486
3,146,23507
3,147,23540
3,148,23861
3,149,24017
3,150,24064
3,151,24227
3,152,24245
3,153,24250
3,154,24252
3,155,24255
3,156,24256
5,109,24257
5,110,24304
5,111,25969
5,157,26008
5,158,26421
5,159,26635
5,160,27339
5,114,27424
5,115,27991
5,116,28470
5,117,28940
5,118,29085
5,120,29094
5,122,29349
5,161,29351
5,162,29362
5,163,29378
5,123,29390
5,144,29399
7,109,29406
7,110,31377
7,111,32756
7,112,32796
7,113,33861
7,114,34678
7,115,35577
7,165,36354
7,160,36378
7,166,36391
7,167,36408
7,168,36416
7,116,36506
7,117,36719
7,118,37061
7,120,37247
7,169,37252
7,170,37783
7,171,37823
7,172,37827
7,173,37835
7,174,37841
7,175,37849
7,176,37881
7,177,37907
7,178,37913
7,179,37915
9,109,37916
9,110,38211
9,111,39386
9,112,39409
9,180,39429
9,159,39441
9,160,39837
9,181,39838
9,182,39840
9,183,39841
9,184,40164
9,166,40165
9,185,40171
9,186,40172
9,187,40173
9,167,41071
9,188,41074
9,189,41893
9,190,41897
9,191,42052
9,118,42064
9,120,43001
9,121,43810
9,122,44023
9,161,44027
9,162,44341
9,163,44343
9,144,44353
11,109,44359
11,110,44719
11,111,45796
11,112,45824
11,113,45829
11,114,45837
11,115,45988
11,144,46251
13,109,46270
13,110,47139
13,111,48210
13,112,48235
13,113,48241
13,114,48250
13,115,48483
13,116,48640
13,117,48830
13,194,48890
13,170,48891
13,195,48903
13,144,48907
15,109,48911
15,110,50263
15,114,51538
15,115,51881
15,116,52094
15,197,52616
15,117,52640
15,118,53067
15,111,53363
15,112,53382
15,113,53389
15,120,53408
15,144,53410
15,198,53419
17,109,53420
17,110,53985
17,111,54485
17,112,54898
18,109,54919
19,807,55699
20,199,56512
20,200,56861
20,201,56877
20,202,56886
20,798,56894
20,799,56895
20,800,56913
20,801,56915
20,802,56931
20,803,56964
21,807,56979
21,203,57589
21,204,57593
21,205,57602
21,206,57610
21,207,57622
21,208,57632
21,209,57661
21,210,57664
21,211,57667
21,212,57669
21,213,57677
21,214,57684
21,804,57719
21,805,57728
21,216,57729
22,807,57745
24,807,58377
24,218,62246
26,109,63915
26,170,65333
26,110,65380
26,220,66732
26,111,66758
26,221,66799
26,112,66808
26,222,67607
26,114,67900
26,115,68515
26,116,69296
26,117,69915
26,118,69921
26,120,69925
26,223,69931
26,224,69944
26,144,69957
26,171,69968
26,172,69969
26,173,69981
28,109,70001
28,110,70988
28,111,72018
28,157,72053
28,158,72638
28,226,72841
28,165,72844
28,159,72863
28,160,73303
28,181,73454
28,114,73458
28,115,74226
28,116,75115
28,117,75895
28,118,76386
28,120,76396
28,121,76654
68,391,247813
68,392,247815
68,393,247817
68,394,247818
68,395,247819
68,396,247820
68,397,247822
68,398,247823
68,399,247824
68,400,247825
68,401,247826
70,109,247827
70,110,248334
70,111,249869
70,112,249922
70,113,250615
70,114,250878
70,115,250905
70,116,251920
70,117,252318
70,118,252778
70,120,252802
70,121,253726
70,122,254125
70,161,254130
70,162,254144
70,402,254276
70,220,254302
70,403,254309
72,144,254319
72,109,254344
72,170,255542
72,110,255558
72,405,256775
72,111,256783
72,112,256840
72,180,256862
72,159,256871
72,160,257692
72,181,258080
72,183,258083
72,166,258776
72,185,259074
72,406,259080
72,187,259092
72,167,259771
72,309,260035
72,188,260041
72,189,260907
72,407,261117
72,117,261120
72,118,262155
72,120,263205
72,121,263658
72,122,264350
72,161,264361
72,162,264366
72,408,264947
72,163,265292
72,123,265744
72,124,266012
72,125,266388
72,126,266396
72,127,266399
72,128,266614
72,409,266626
72,410,266629
72,411,266635
72,412,266638
72,413,266649
72,414,266654
74,109,266656
74,110,266938
74,111,268133
74,112,268165
74,113,268194
74,114,268317
74,115,268715
74,116,268984
74,170,269032
74,220,269075
74,144,269100
74,416,269109
76,109,269111
48,290,167602
48,291,167605
48,292,167609
48,173,167616
48,293,167624
48,294,167626
48,295,167629
48,296,167631
50,109,167635
50,110,168683
50,298,170056
50,112,170086
50,299,171082
50,300,171092
50,114,171965
50,115,173061
50,116,174139
50,117,175276
50,118,175598
50,170,175604
50,263,175633
50,250,175646
50,301,175654
52,807,175656
54,109,183708
54,110,185292
54,111,185793
54,157,185861
54,114,186801
54,115,187233
54,116,188278
54,117,188984
54,118,188997
54,120,189571
54,121,190134
54,122,190501
54,161,190794
54,170,190798
54,220,190812
54,158,190822
54,159,190846
56,109,190855
56,110,192198
56,111,193305
56,116,193370
56,117,193833
56,118,194565
56,120,195321
56,121,195505
56,122,195530
56,161,196106
56,162,196692
56,163,196970
56,123,197650
56,124,198232
56,125,198242
56,126,198480
56,127,198491
56,128,198492
56,129,198494
56,130,198502
56,131,198691
56,132,198878
56,144,198898
56,170,198923
56,220,198937
56,221,198975
56,305,199007
56,306,199014
56,307,199016
56,112,199033
56,158,199370
56,226,199380
56,165,199384
56,113,199407
56,160,199640
56,181,199644
56,183,199647
56,166,199893
56,185,199907
56,308,199909
56,115,199918
56,167,200234
56,309,200239
76,170,270750
76,110,270776
76,111,272337
76,157,272393
76,158,272816
76,418,272828
76,159,272846
76,160,273237
76,114,273240
76,168,273516
76,115,274086
76,116,274313
76,117,274464
76,118,274472
76,120,274488
76,121,274548
76,122,274702
76,144,274705
76,416,274718
78,109,274722
78,110,275976
78,421,276497
78,116,276563
78,117,276972
78,118,277685
78,120,278586
78,121,279258
78,122,279462
78,161,280098
78,162,280110
78,163,280629
78,123,281000
78,124,281010
78,125,281017
78,126,281030
78,127,281042
78,128,281044
78,129,281045
78,130,281102
78,263,281104
78,422,281140
78,170,281142
78,220,281160
78,221,281180
78,157,281182
78,158,281538
78,165,281540
78,159,281560
78,160,281859
78,265,281866
78,183,281868
78,166,282454
78,423,282460
78,187,282461
78,167,282756
80,109,282762
80,110,283967
80,111,285382
80,112,285442
80,113,286000
80,114,286432
80,115,286822
80,116,286992
80,117,287082
80,118,287084
80,120,287543
80,121,287836
80,122,288059
80,161,288067
80,425,288069
80,426,288075
80,427,288078
80,144,288093
80,428,288111
82,109,288198
82,110,289560
82,111,290946
82,112,290995
82,157,291029
82,158,291619
82,113,291621
82,159,291642
82,160,292124
82,114,292130
66,117,229084
66,118,229724
66,121,230601
66,122,231154
66,328,231626
66,161,232275
66,162,232600
66,163,232609
66,329,233063
66,330,233180
66,331,233362
66,332,233614
66,333,234256
66,334,234744
66,335,235437
66,336,236141
66,337,236588
66,338,237225
66,339,237660
66,340,238043
66,266,238112
66,267,238118
66,341,238125
66,342,238137
66,134,238154
66,343,238165
66,344,238167
66,345,238172
66,138,238203
66,346,238206
66,347,238211
66,348,238215
66,170,238227
66,220,238252
66,221,238431
66,349,238440
66,350,238442
66,351,238443
66,352,238482
66,353,238526
66,354,239457
66,355,240457
66,356,241317
68,109,242036
68,110,243172
68,111,244455
68,358,244490
68,360,244585
68,361,244726
68,362,244730
68,363,244763
68,364,245112
68,365,245299
68,366,245335
68,367,245336
68,368,245354
68,369,245359
68,370,246302
68,276,247232
68,120,247416
68,253,247426
68,371,247452
68,372,247484
68,373,247490
68,374,247497
68,242,247713
68,375,247755
68,376,247757
68,144,247759
68,377,247765
68,172,247768
68,378,247775
68,379,247792
68,380,247793
68,381,247794
68,382,247797
68,383,247798
68,384,247799
68,385,247804
68,386,247806
68,387,247807
68,388,247810
68,389,247811
68,390,247812
36,144,106421
36,109,106443
36,110,107813
36,111,107867
36,112,107907
36,113,108918
36,114,109794
36,115,110695
36,116,111656
36,117,112526
36,118,113207
36,120,114201
36,121,114477
36,241,115226
36,161,116449
36,162,116604
36,163,116611
36,123,116620
36,124,117340
36,125,118129
36,126,118773
36,127,119249
36,128,119252
36,131,119254
36,132,119309
36,133,119318
36,242,119323
36,243,119357
36,244,119415
36,245,119418
36,246,119420
36,247,119425
36,248,119429
36,249,119443
36,250,119452
38,109,119512
38,110,121020
38,111,122475
38,112,122531
38,252,123247
38,113,123253
38,114,124193
38,115,124852
38,116,125781
38,117,126652
38,118,126660
38,120,127448
38,253,127452
38,122,127457
38,250,127459
38,144,127492
38,254,127513
38,242,127516
38,243,127547
40,144,127554
40,109,127576
40,110,128763
40,111,129928
40,114,129949
40,115,130563
40,116,130995
40,117,131554
40,118,131701
40,120,131708
40,121,132437
40,122,132440
40,157,132512
40,158,132848
40,159,133166
40,160,133569
42,144,133860
42,109,133876
42,110,135190
42,111,135861
42,112,135903
42,237,135911
42,159,135921
42,160,135961
42,183,135966
42,166,136037
42,185,136046
42,115,136047
42,116,136742
42,117,137833
42,118,138650
42,120,138665
42,121,138669
42,122,139363
42,161,139688
42,257,139692
42,258,139693
42,259,139754
42,260,139755
42,261,139821
42,262,139853
44,109,139854
44,110,141285
44,111,142530
44,112,142574
44,113,142653
44,114,143227
44,115,143698
44,116,144564
44,117,145370
44,118,145428
44,120,145436
44,263,146228
46,109,146259
46,110,146301
46,111,147607
46,112,147671
46,159,147698
46,265,148529
46,160,148548
46,183,148571
46,166,149401
46,187,149453
46,167,150053
46,188,150079
46,189,150892
46,190,150901
46,191,151581
46,118,151609
46,120,152297
46,121,152585
46,122,153119
46,161,153753
46,162,154350
46,163,155848
46,123,155856
46,124,155867
46,125,156392
46,126,156888
46,127,157535
46,128,157540
46,131,158066
46,132,158093
46,133,158118
46,266,158126
46,267,158128
46,171,158179
46,172,158182
46,173,158189
46,144,158196
48,109,158209
48,110,159234
48,269,160321
48,270,160353
48,271,160373
48,272,160732
48,273,161087
48,274,161419
48,275,161543
48,276,162732
48,277,163134
48,278,163729
48,279,163910
48,280,164791
48,281,164797
48,282,165122
48,283,165730
48,284,166526
48,285,167074
48,286,167577
48,287,167581
48,288,167583
48,144,167592
48,289,167599
138,614,504016
138,615,504017
138,616,504021
138,617,504025
138,618,504027
138,619,504030
138,144,504031
138,242,504056
138,620,504058
138,621,504061
138,622,504123
138,623,504127
138,624,504253
140,109,504257
140,110,505601
140,111,507010
140,112,507308
140,113,507844
140,114,507872
140,115,507892
140,116,508720
140,117,509529
140,118,510390
140,120,510969
140,121,511657
140,122,512328
140,161,512978
140,162,512986
140,163,512992
140,123,513973
140,124,514585
140,125,515364
140,126,515368
140,127,515636
140,128,516076
140,129,516080
140,131,516084
140,633,516093
140,144,516095
140,634,516117
140,635,516118
140,636,516119
140,637,516122
140,638,516125
140,639,516126
140,640,516130
140,641,516134
140,642,516156
140,643,516237
140,644,516298
140,645,516308
140,646,516319
140,647,516322
140,648,516394
140,649,516397
140,650,516419
125,580,464553
125,581,464601
125,454,464887
125,565,465511
125,180,465655
125,567,465673
125,568,466277
125,583,466645
125,534,467289
125,584,467897
125,585,468062
125,586,468065
125,587,468067
125,144,468081
125,170,468100
127,109,468121
127,110,469337
127,113,469989
127,114,470758
127,144,471515
127,111,471522
127,115,471579
127,589,471604
127,116,471606
127,165,471608
127,157,471623
127,158,471755
129,109,471831
129,528,473061
129,111,474422
129,112,475335
129,265,476248
130,807,476286
131,807,479923
132,109,482653
132,591,483894
132,592,484694
133,109,484732
134,593,485551
134,594,485557
134,595,485577
134,112,485579
134,265,485739
136,109,485751
136,110,487020
136,111,488484
136,157,488509
136,158,488905
136,165,489468
136,113,489469
136,114,490464
136,115,491093
136,116,491292
136,117,492228
136,118,492245
136,120,492251
136,121,492281
136,122,492289
136,597,492293
136,589,492337
136,598,492339
136,599,492341
136,600,492342
136,601,492343
138,109,492344
138,110,493582
138,111,494990
138,112,495591
138,113,496917
138,114,496959
138,187,497004
138,570,497784
138,571,497790
138,602,497794
138,572,497796
138,603,498530
138,604,498538
138,605,498541
138,573,498544
138,574,498621
138,606,498650
138,607,498654
138,608,498701
138,609,498919
146,162,543186
146,163,543966
146,123,544851
146,124,545236
146,125,545237
148,109,545239
148,110,546109
148,111,546166
148,112,546205
148,236,546453
148,159,546782
148,160,547064
148,180,547275
148,183,547287
148,166,547938
148,115,548343
148,116,549241
148,117,550110
148,118,550382
148,120,550391
148,121,550398
148,122,550467
148,144,550480
148,405,550495
150,109,550499
150,110,551056
150,298,552213
150,144,552250
150,679,552285
150,680,552364
150,681,553100
150,682,553593
150,683,553603
150,564,553710
150,565,554475
150,684,554699
150,685,554706
150,533,555361
150,369,555599
150,370,556297
150,276,556829
150,535,557398
150,686,557403
150,687,557830
150,688,558295
150,539,558619
150,689,558624
150,690,558652
150,542,558655
150,691,558679
150,692,558682
150,693,558683
150,694,558684
152,109,558685
152,110,559881
152,111,561266
152,112,561288
152,113,561291
152,114,561298
152,115,561481
152,116,561803
152,197,562103
152,117,562147
152,118,562402
152,120,562723
152,695,563007
152,121,563070
152,122,563731
152,161,564171
152,162,564567
152,163,565035
152,123,565193
152,124,565199
152,125,565210
152,126,565211
152,170,565214
152,696,565242
154,109,565327
154,110,566378
154,111,566674
154,112,566691
154,113,566711
154,114,566916
154,308,567095
154,115,567103
154,116,567320
154,316,567555
154,117,567709
154,118,568412
154,170,568416
154,220,568464
154,698,568496
156,109,568509
156,110,569131
156,111,569379
156,700,569410
156,113,569418
156,114,569911
156,144,570376
158,109,570380
158,110,571856
158,111,572975
158,165,573021
158,113,573030
158,114,573034
158,115,573874
158,116,575074
158,117,575742
158,118,575752
158,120,576314
158,122,576851
158,163,576853
158,125,576855
158,157,576862
158,159,576911
158,158,577040
158,231,577395
158,226,577402
158,702,577582
158,703,577662
158,704,577728
158,351,577734
158,705,577765
158,706,577769
158,707,577783
158,416,577806
158,380,577808
158,383,577809
158,708,577810
158,709,577812
158,710,577815
158,711,577818
158,712,577820
158,713,577823
158,714,577833
158,715,577842
158,716,577847
158,717,577848
158,718,577852
158,719,577856
158,720,577857
158,721,577860
158,722,577861
158,723,577863
158,724,577865
158,725,577867
158,726,577868
158,727,577869
158,728,577870
160,109,577871
160,110,579466
160,111,581015
160,112,581924
160,113,582320
160,114,582347
160,115,582372
160,116,583055
160,117,583904
160,118,584797
160,120,585353
160,121,585993
160,122,586761
160,161,587542
160,162,587549
160,163,587556
160,729,588257
160,127,588271
160,128,588287
177,795,645095
178,807,645324
179,807,645325
180,807,645339
181,807,645360
184,109,645449
184,110,646805
184,111,648004
184,112,648045
184,808,648062
184,160,648482
184,809,648729
184,810,648798
184,166,649366
184,187,649931
184,167,650326
184,406,650895
184,811,650914
184,189,651612
184,117,651788
184,118,652422
184,120,653246
184,121,653880
184,122,653885
184,161,653903
184,162,654761
184,163,655514
184,123,656170
184,124,656185
184,812,656192
184,144,656196
184,813,656227
184,171,656229
184,170,656230
186,109,656256
186,110,657457
186,111,658014
186,157,658076
186,158,658435
186,226,658445
186,815,658448
186,160,658967
186,181,658980
186,183,658985
186,166,658986
186,185,658994
186,115,658995
186,116,660109
186,117,660782
186,118,661801
186,120,661823
186,121,661824
186,144,661958
186,170,661964
160,129,588292
160,130,588293
160,131,588294
160,730,588300
160,731,588301
160,732,588360
160,696,588361
160,734,588506
160,735,588514
160,736,588531
160,737,588692
160,738,588735
160,739,588770
160,740,588884
160,741,588885
160,742,588887
160,743,588892
160,744,588900
160,745,588920
160,746,588963
160,747,588993
160,748,589008
160,749,589046
160,750,589071
160,751,589105
162,753,589113
162,754,602417
162,806,602425
162,755,602845
164,807,603012
166,757,604420
166,758,606119
166,759,607398
166,760,608673
166,761,609826
166,762,609858
111,753,609891
183,807,610729
166,765,610764
166,766,611973
166,767,613358
166,768,613754
166,769,614894
166,770,615930
166,771,617190
166,772,618474
166,773,618482
166,774,618498
166,775,618538
166,776,620209
166,777,621643
166,778,622251
166,779,623234
166,780,623286
166,781,623643
166,782,623669
166,783,624861
166,784,625818
166,785,626791
166,786,627776
166,787,628868
166,788,629626
166,816,630479
166,817,631866
166,439,632846
168,109,632925
168,110,634045
168,111,634737
168,112,634781
168,113,634872
168,114,635144
168,115,636494
168,116,637556
168,117,638141
168,118,638145
170,807,638297
171,807,643469
173,807,644044
174,807,644463
175,807,644609
176,791,644616
176,792,644937
176,793,644944
177,794,644948
66,120,229725
