ID,Name
295,"78th Training Reserve Battalion."
296,"79th Training Reserve Battalion."
298,"3rd (Reserve) Battalion."
299,"4th (Reserve) Battalion Seaforth Highlanders."
300,"5th Battalion Seaforth Highlanders."
301,"39th T.R. Battalion."
305,"4th Garrison Battalion."
306,"5th Garrison Battalion."
307,"6th Garrison Battalion."
308,"5/6th Battalion."
309,"3/7th Battalion."
310,"1/1st Welsh Horse, Yeomanry."
311,"2/1st Welsh Horse Yeomanry."
313,"5th Battalion Super. Co."
316,"7/8th Battalion."
318,"11th Garrison Battalion."
319,"Indian Depot."
320,"1/4 Battalion."
321,"1/1st Bucks Battalion."
322,"2/1st Bucks Battalion."
323,"157th T.F. Depot."
324,"3/1st Bucks Battalion."
326,"8th (Cyclist) Battalion."
328,"12/13th Battalion."
329,"17th Battalion (N.E.R. Pioneers)."
330,"18th Battalion (Tyneside Pioneers)."
331,"19th Battalion (Tyneside Pioneers)."
332,"20th Battalion (Tyneside Scottish)."
333,"21st Battalion (Tyneside Scottish)."
334,"22nd Battalion (Tyneside Scottish)."
335,"23rd Battalion (Tyneside Scottish)."
336,"24th Battalion (Tyneside Irish)."
337,"25th Battalion (Tyneside Irish)."
338,"26th Battalion (Tyneside Irish)."
339,"27th Battalion (Tyneside Irish)."
340,"24/27th Battalion (Tyneside Irish)."
341,"30th Battalion."
342,"31st Battalion."
343,"33rd Battalion."
344,"35th Battalion (Territorial)."
345,"36th Battalion (Territorial)."
346,"51st Battalion (Y.S.Bn)."
347,"52nd Battalion (Y.S.Bn.)."
348,"53rd Battalion (Y.S.Bn.)."
349,"22nd Provisional Battalion."
350,"2nd Works Coy."
351,"Depot Battalion."
352,"3rd Battalion (Special Reserve)."
353,"1/4th Battalion (Territorials)."
354,"1/5th Battalion (Territorial)."
355,"1/6th Battalion (Territorial)."
356,"1/7th Battalion (Territorials)."
358,"1/4th Battalion. (Territorials)."
360,"2/4th Battalion (Territorials)."
361,"3/4th Battalion (Territorials)."
362,"4th (Reserve) Battalion (Territorials)."
363,"5th (P.O.W.) Battalion (Territorials)."
364,"1/6th Battalion (Territorials)."
365,"2/6th Battalion (Territorials)."
366,"3/6th Battalion (Territorials)."
367,"1/7th (Cyclist) Battalion (Territorials)."
368,"2/7th (Cyclist) Battalion (Territorials)."
369,"8th (Service) Battalion."
370,"9th (Service) Battalion."
371,"13th (Works) Battalion."
372,"14th (Labour) Battalion."
373,"15th Battalion (Territorial)."
374,"16th (Royal 1st Devon Yeomanry and Royal North Devon Hussars) Battalion."
375,"2nd (Home Service) (Garrison) Battalion."
376,"86th (Provisional) Battalion."
377,"51st (Y.S.) Battalion."
378,"53rd (Y.S.) Battalion."
379,"1st Infantry Labour Company."
380,"3rd Infantry Labour Company."
381,"2nd Infantry Labour Company."
382,"4th Infantry Lobour Company."
383,"5th Infantry Labour Company."
384,"6th Infantry Labour Company."
385,"7th Infantry Labour Company."
386,"8th Infantry Labour Company."
387,"9th Infantry Labour Company."
388,"11th Infantry Labour Company."
389,"12th Infantry Labour Company."
390,"1st Infantry Works Company."
391,"3rd Infantry Works Company."
392,"4th Infantry Works Company."
393,"5th Infantry Works Company."
394,"6th Infantry Works Company."
395,"7th Infantry Works Company."
396,"10th Infantry Works Company."
508,"London Heavy Brigade. [RGA - (TF)]"
509,"Cornwall (Duke of Cornwall's). [RGA - (TF)]"
510,"Clyde. [RGA - (TF)]"
511,"Devonshire. [RGA - (TF)]"
512,"Dorset. [RGA - (TF)]"
513,"Durham. [RGA - (TF)]"
514,"Essex and Suffolk. [RGA - (TF)]"
515,"Forth. [RGA - (TF)]"
516,"Glamorgan. [RGA - (TF)]"
517,"Hampshire. [RGA - (TF)]"
518,"Kent. [RGA - (TF)]"
519,"Lancashire and Cheshire. [RGA - (TF)]"
520,"North Scottish. [RGA - (TF)]"
521,"Orkney. [RGA - (TF)]"
522,"Pembrokeshire. [RGA - (TF)]"
523,"Sussex. [RGA - (TF)]"
524,"Tynemouth. [RGA - (TF)]"
525,"East Riding. [RGA - (TF)]"
528,"2nd Battalion"
529,"1/4th (City of Bristol) Battalion (T.F.)."
530,"2/4th (City of Bristol) Battalion, Territorial."
531,"2/5th Battalion (Territorial)."
532,"3/6th (Reserve) Battalion."
533,"7th (Service) Battalion."
534,"8th Service Battalion."
535,"11th (Reserve) Battalion."
536,"12th (Service) (Bristol) Battalion."
537,"13th (Service) Battalion (Forest of Dean) (Pioneers)."
538,"14th (Service) Battalion (West of England)."
539,"15th (Reserve) Battalion."
540,"16th (Reserve) Battalion"
541,"17th (Territorial) Battalion."
542,"18th (Service) Battalion."
544,"162 T.F. Depot."
545,"15th Battalion T.W."
546,"162nd T.F. Depot."
547,"1/8rd Battalion."
548,"6th Battalion, Attached 4th Nigerian Regt."
549,"16th T.W. Battalion."
550,"1st Garr. Battalion."
552,"Railways."
553,"Inland Water Transport."
554,"Roads and Quarries."
556,"11th Battalion (Service)."
557,"12th (Service) Battalion."
558,"13th (Service) Battalion."
559,"15th (Service) Battalion."
560,"16th (Service) Battalion."
561,"4th T.F. Battalion."
562,"1/4th (T.F.) Battalion."
563,"2/4th (T.F.) Battalion."
564,"1/5th (T.F.) Battalion."
565,"2/5th (T.F.) Battalion."
566,"3/5th (T.F.) Battalion."
567,"1/6th (T.F.) Battalion."
568,"2/6th (T.F.) Battalion."
569,"1/7th (T.F.) Battalion."
570,"2/7th (T.F.) Battalion."
571,"3/7th (T.F.) Battalion."
572,"1/8th (T.F.) Battalion."
573,"1/9th (T.F.) Battalion."
574,"2/9th (T.F.) Battalion."
575,"19th (Garrison) Battalion."
576,"4th Infantry Labour Company."
577,"52nd (Y.S.) Battalion."
580,"3rd Special Reserve Battalion."
581,"4th Special Reserve Battalion."
583,"7th Service Battalion."
584,"9th Service Battalion (Pioneers)."
585,"10th Reserve Battalion."
586,"11th Reserve Battalion."
587,"12th Labour Battalion."
589,"1st Home Service Garrison Battalion."
591,"2nd. Battalion."
592,"Reserve Battalion"
593,"1st (1st Life Guards) Battalion."
594,"2nd (2nd Life Guards) Battalion."
595,"3rd (Royal Horse Guards) Battalion."
597,"Regimental Depot."
598,"No. 1 Works Company."
599,"4th Works Company."
600,"No. 6 Works Company."
601,"No. 10 Works Company."
602,"4/7th (T.F.) Battalion."
603,"2/8th (T.F.) Battalion."
604,"3/8th (T.F.) Battalion."
605,"4/8th (T.F.) Battalion."
606,"3/9th (T.F.) Battalion."
607,"1/10th (T.F.) Battalion."
608,"2/10th Battalion."
609,"3/10th (T.F.) Battalion."
610,"4/10th (T.F.) Battalion."
611,"33rd (Works) Battalion."
612,"53rd (Grad.) Battalion."
613,"1st I.L. Company."
614,"2nd I.L. Company."
615,"3rd I.L. Company."
616,"4th I.L. Company."
794,"Mounted Branch."
795,"Foot Branch."
798,"2nd Battalion (King's Shropshire Light Infantry)."
799,"1/4th Battalion (King's Shropshire Light Infantry)."
800,"4th Reserve Battalion (King's Shropshire Light Infantry)."
801,"5th Battalion (King's Shropshire Light Infantry)."
802,"6th Battalion (King's Shropshire Light Infantry)."
803,"7th Battalion (King's Shropshire Light Infantry)."
804,"2/1st Kent Cyclist Battalion."
805,"3/1st Kent Cyclist Battalion."
806,"(Cavalry)."
807," "
808,"1/5th Battalion-Territorial."
809,"5th (Reserve) Battalion-Territorial."
810,"1/6th Battalion-Territorial."
811,"1/8th Territorial Battalion."
812,"81st Provisional Battalion."
813,"158 (T.F.) Depot."
815,"1/5th Battalion (T.F.)."
816,"14th (County of London) Battalion (London Scottish)."
817,"18th (County of London) Battalion (London Irish Rifles)."
1,"Household Cavalry. 1st Life Guards."
2,"Household Cavalry 2nd Life Guards."
3,"Household Cavalry. Royal Horse Guards (The Blues)."
4,"Household Battalion."
5,"Corps of Dragoons. 1st King's Dragoon Guards."
6,"2nd Dragoon Guards (Queen's Bays)."
7,"3rd Dragoon Guards (Prince of Wales' Own)."
8,"4th Dragoon Guards (Royal Irish)."
9,"5th Dragoon Guards (Princess Charlottte's Own)."
10,"6th Dragoon Guards (Carabineers)."
11,"7th Dragoon Guards (Princess Royal)."
12,"1st Dragoons (Royals)."
13,"2nd Dragoons (Scots Greys)."
14,"6th Dragoons (Inniskilling)."
15,"Corps of Lancers. 5th Lancers (Royal Irish)."
16,"9th Lancers (Queen's Royal)."
17,"12th Lancers (Prince of Wales Royal)."
18,"16th Lancers (The Queen's)."
19,"17th Lancers (Duke of Cambridge's Own)."
20,"21st Lancers (Empress of India's)."
21,"Special Cavalry Reserve. 1st King Edward's Horse."
22,"2nd King Edward's Horse."
23,"Corps of Dragoons. 4th Reserve Reglment Dragoons."
24,"Old 1st Reserve Cavalry Regiment (1st and 5th Dragoons Guards)."
25,"Old 2nd Reserve Cavalry Regiment (2nd Dragoon Guards and 6th Dragoons)."
26,"Old 3rd Reserve Cavalry Regiment (3rd and 6th Dragoon Guards)."
27,"Old 4th Reserve Cavalry Regiment (4th and 7th Dragoon Guards)."
28,"Old 5th Reserve Cavalry Regiment (1st and 2nd Dragoons)."
29,"6th Reserve Regiment of Dragoons."
30,"Corps of Lancers. 1st Reserve Regiment of Lancers."
31,"(Old) 6th Reserve Cavalry Regiment (5th and 12th Lancers)."
32,"(Old) 7th Reserve Cavalry Regiment (9th and 21st Lancers)."
33,"(Old) 8th Reserve Cavalry Regiment (16th and 17th Lancers)."
34,"Corps of Dragoons. Shorpshire Yeomanry."
35,"Queen's Own Yorkshire Dragoons."
36,"North Somerset Yeomanry."
37,"Duke of Lancaster's Own Yeomanry."
38,"Hampshire Yeomanry."
39,"Derbyshire Yeomanry."
40,"Herts Yeomanry."
41,"Berkshire Yeomanry."
42,"Montgomery Yeomanry."
43,"Lothian and Border Horse."
44,"Queen's Own Royal Glasgow Yeomanry."
45,"Fife and Forfar Yeomanry."
46,"Norfolk Yeomanry."
47,"Sussex Yeomanry."
48,"Glamorganshire Yeomanry."
49,"2nd County of London."
50,"Essex Yeomanry."
51,"Northants Yeomanry."
52,"Lovat Scouts."
53,"Scottish Horse Yeomanry."
54,"Corps of Lancers. Lanarkshire Yeomanry."
55,"Surrey Yeomanry."
56,"Lincolnshire Yeomanry."
57,"City of London Yeomanry."
58,"Bedford Yeomanry."
59,"East Riding of Yorkshire Yeomanry."
60,"Corps of Hussars. 3rd (King's Own) Hussars."
61,"4th (Queen's Own) Hussars."
62,"7th (Queen's Own) Hussars."
63,"8th (King's Royal Irish) Hussars."
64,"10th (Prince of Wales' Own Royal) Hussars."
65,"11th (Prince Albert's Own) Hussars."
66,"13th Hussars."
67,"14th (King's) Hussars."
68,"15th (The King's) Hussars."
69,"18th (Queen Mary's Own Royal) Hussars."
70,"19th (Queen Alexandra's Own Royal) Hussars."
71,"20th Hussars."
72,"2nd Reserve Regiment of Cavalry."
73,"3rd Reserve Regiment of Cavalry."
74,"5th Reserve Regiment of Cavalry."
75,"No. 2 Cavalry Depot."
76,"No. 3 Cavalry Depot."
77,"No. 5 Cavalry Depot."
78,"North Irish Horse."
79,"South Irish Horse."
80,"Ayrshire (Earl of Carrick's Own) (Hussars) Yeomanry."
81,"the Royal Bucks Hussars."
82,"Denbighshire Hussars."
182,"6th Battalion.Territorial Force Depot."
183,"1/6th Battalion."
184,"2/6th Battalion"
185,"3/6th Battalion."
186,"7th Battalion, Territorial Force Depot."
187,"1/7th Battalion."
188,"1/8th Battalion."
189,"2/8th Battalion."
190,"1/9th Battalion."
191,"2/9th Battalion."
194,"10th Battalion"
195,"2nd (H. S.) Garrison Battalion."
197,"8/9th Battalion."
198,"O.C. Battalion."
199,"1/1st Battalion."
200,"1st Reserve Battalion."
201,"3/1st Battalion."
202,"1st Battalion (King's Shropshire Light Infantry)."
203,"1st West Riding Divisional Cyclist Company."
204,"53rd Weish Divisional Cyclist Company."
205,"54th East Anglian Divisional Cyclist Company."
206,"Northumbrian Divisional Cyclist Company."
207,"South Midland Divisional Cyclist Company."
208,"52nd Lowland Divisional Cyclist Company."
209,"North Midland Divisional Cyclist Company."
210,"47th London Divisional Cyclist Company."
211,"51st Highland Divisional Cyclist Company."
212,"1st Northern Cyclist Battalion."
213,"Highland Cyclist Battalion."
214,"1/1st Kent Cyclist Battalion."
216,"1st Huntingdon (Cyclist) Battalion."
218,"(Territorial Force.)"
220,"2nd Garrison Battalion."
221,"3rd Garrison Battalion."
222,"5th. Battalion."
223,"12th (T.W.) Battalion."
224,"13th (T.W.) Battalion."
226,"3/4th Battalion."
228,"1st Battalion"
230,"1/5 Battalion (T.F.)."
231,"2/5th Battalion"
232,"3/5th (T) Battalion."
233,"6th Res. Battalion."
234,"1/8th Battalion"
236,"1/5 Battalion."
237,"5th Res. Battalion."
238,"7th Res. Battalion."
241,"13th Battalion"
242,"1st (Garrison) Battalion."
243,"2nd (Garrison) Battalion."
244,"3rd (Garrison) Battalion."
245,"233rd Infantry Battalion."
246,"51st Graduated Battalion."
247,"52nd Graduated Battalion."
248,"53rd Graduated Battalion."
249,"Training Reserve."
250,"Labour Companies."
252,"4th (Reserve) Battalion."
253,"12th (Labour) Battalion."
254,"(T.F.) Depot."
257,"21st Reserve Battalion."
258,"1/21st Battalion."
259,"2/21st Battalion."
260,"1/23rd Battalion."
261,"2/23rd Battalion."
262,"70th Provisional Battalion."
263,"the Depot."
265,"5th (Reserve) Battalion."
266,"28th Battalion."
267,"29th Battalion."
269,"3rd Battalion (Reserve)."
270,"4th Battalion (Extra Reserve)."
271,"5th (City of Glasgow) Battalion (Territorial)."
272,"6th (City of Glasgow) Battn. (Territorial)."
273,"7th (Blythswood) Battalion (Territorial)."
274,"8th (Lanark) Battalion (Territorial)."
275,"9th (Glasgow Highland) Battalion (Territorial)."
276,"10th (Service) Battalion."
277,"10/11th Battalion."
278,"11th (Service) Battalion."
279,"12th (Service) Battn."
280,"13th (Reserve) Battalion."
281,"14th (Service) Battalion."
282,"15th (Service) Battalion (1st Glasgow)."
283,"16th (Service) Battalion (2nd Glasgow)."
284,"17th (Service) Battalion (3rd Glasgow)."
285,"18th Battalion (4th Glasgow)."
286,"19th (Reserve) Battalion."
287,"20th (Reserve) Battalion."
288,"21st Battalion (Territorial)."
289,"51st (Grad.) Battalion."
290,"52nd Training Reserve Battalion."
291,"52nd (Grad.) Battalion."
292,"53rd Training Reserve Battalion."
293,"54th Training Reserve Battalion."
294,"56th Training Reserve Battalion."
397,"11th Infantry Works Company."
398,"12th Infantry Works Company."
399,"13th Infantry Works Company."
400,"14th Infantry Works Company."
401,"2oth Infantry Works Company."
402,"1st Reserve Garrison Battalion."
403,"Cambs. and Suffolk Reserve Battalion."
405,"2nd Home Service Battalion."
406,"7th Reserve Battalion."
407,"3/8th Battalion."
408,"15/17th Battalion."
409,"26th Provisional Battalion."
410,"51st Battalion (Graduated Battalion)."
411,"52nd Battalion (Graduated Battalion)."
412,"53rd Battalion (Young Soldiers.)."
413,"6th Training Reserve Battalion."
414,"9th Training Reserve Battalion."
416,"1st Labour Company."
418,"4th (Res.) Battalion."
421,"3rd Battalion"
422,"223rd (T.F.) Depot."
423,"6th (Res.) Battalion."
425,"51st (Grad) Battalion."
426,"52nd (Grad) Battalion."
427,"53rd (Grad) Battalion."
428,"Brecknock Battalion."
431,"4th Res. Battalion."
436,"51st T.R. Battalion."
437,"52nd T.R. Battalion."
438,"53rd T.R. Battalion."
439,"Supernumerary Companies."
441,"4/5th Battalion."
443,"4/5th (Angus and Dundee) Battalion (Territorial)."
444,"6th (Perthshire) Battalion (Territorial)."
445,"7th (Fife) Battalion (Territorial)."
446,"13th (Scottish Horse) Battalion."
447,"14th (Fife and Forfar Yeo.) Battalion."
448,"3rd Reserve Battalion."
451,"1/4th Battalion (Territorial Force)."
452,"2/4th Battalion (Territorial Force)."
453,"3/4th Battalion (Territorial Force)."
454,"1/5th Battalion (Territorial Force)."
455,"2/5th Battalion (Territorial Force)."
456,"3/5th Battalion (Territorial Force)."
457,"4/5th Battalion (Territorial Force)."
458,"42nd Provisional Battalion (T.F.)."
460,"28th Training Reserve Battalion."
461,"Infantry Labour Companies. 1st Company."
462,"Infantry Labour Companies. 6th Company."
463,"Infantry Labour Companies. 8th Company."
464,"Infantry Labour Companies. 9th Company."
465,"Infantry Labour Companies. 11th Company."
466,"Infantry Labour Companies. 12th Company."
467,"Infantry Labour Companies. 13th Company."
468,"Army Gymnastic Staff."
469,"25th Recruits Distribution Battalion."
470,"London District Details."
471,"1st H.S. Garrison Battalion."
472,"1/20th London Regiment."
473,"2/20th London Regiment."
475,"51st Garrison Battalion."
476,"52nd Garrison Battalion."
477,"53rd Young Soldiers Garrison Battalion."
478,"90th Training Reserve Battalion."
479,"91st Training Reserve Battalion."
481,"1/1st Battalion (Herefordshire Regiment)."
484,"9th Battalion"
485,"1st F. S. Garrison Battalion."
492,"Territorial Force."
493,"(Artillery Section)."
495,"4th Highland (Mountain) Brigade. [RGA - (TF)]"
496,"Highland (Fifeshire). [RGA - (TF)]"
497,"Lowland (City of Edinburgh) Heavy Battery. [RGA - (TF)]"
498,"Lowland (City of Edinburgh) Heavy Battery [RGA - (TF)]"
499,"Lancashire Heavy Brigade. [RGA - (TF)]"
500,"Welsh (Carnarvonshire) R.G.A. (TF)"
501,"Northumbrian (North Riding) Heavy Battery. [RGA - (TF)]"
502,"West Riding Heavy Battery. [RGA - (TF)]"
503,"North Midland (Staffordshire) Heavy Battery. [RGA - (TF)]"
504,"South Midland (Warwickshire) Heavy Battery. [RGA - (TF)]"
505,"Wessex (Hampshire) Heavy Battery. [RGA - (TF)]"
506,"East Anglian (Essex) Heavy Battery. [RGA - (TF)]"
507,"Home Counties (Kent) Heavy Battery. [RGA - (TF)]"
617,"5th I.L. Company."
618,"6th I.L. Company."
619,"7th I.L. Company."
620,"No. 1. Spec. Co. N.R.E.F."
621,"7th London Regiment."
622,"2/7th London Battalion."
623,"19th London Battalion."
624,"2/19th London Battalion."
633,"Attached 1/2nd King's African Rifles."
634,"16th Training Reserve Battn., Affiliated To the King's Royal Rifles Corps."
635,"17th Training Reserve Battn., Affiliated To the King's Royal Rifles Corps."
636,"18th Training Reserve Battn., Affiliated To the King's Royal Rifles Corps."
637,"19th Training Reserve Battn., Affiliated To the King's Royal Rifles Corps."
638,"20th Training Reserve Battn., Affiliated To the King's Royal Rifles Corps."
639,"51st Battn., the King's Royal Rifles Corps."
640,"52nd Battn., the King's Royal Rifles Corps."
641,"53rd Battn., the King's Royal Rifles Corps."
642,"6th (City of London Battn.) the London Regiment, Affiliated To K.R.R.C."
643,"9th Battalion, the County of London Regiment, Affiliated To K.R.R.C."
644,"2/9th Battalion, the County of London Regiment, Affiliated To K.R.R.C."
645,"11th Battalion, the County of London Regiment, Affiliated To K.R.R.C."
646,"2/11th Battalion, the County of London Regiment, Affiliated To K.R.R.C."
647,"12th Battalion, the County of London Regiment, Affiliated To K.R.R.C."
648,"2/12th Battalion, the County of London Regiment, Affiliated To K.R.R.C."
649,"13th Battalion, the County of London Regiment, Affiliated To K.R.R.C."
650,"2/13th Battalion, the County of London Regiment, Affiliated To K.R.R.C."
651,"15th Battalion, the County of London Regiment, Affiliated To K.R.R.C."
652,"2/15th Battalion, the County of London Regiment, Affiliated To K.R.R.C."
653,"16th Battalion, the County of London Regiment, Affiliated To K.R.R.C."
654,"2/16th Battalion, the County of London Regiment, Affiliated To K.R.R.C."
656,"No. 2 Works Company."
657,"4th (T.F.) Battalion."
658,"Depot (T.F.)."
660,"17th Battalion"
661,"24th Battalion"
662,"25th Res. Battalion."
663,"26th Res. Battalion."
664,"27th Res. Battalion."
665,"6th Reserve Battalion."
666,"1/8 Battalion."
667,"8th Res. Battalion."
668,"9th Reserve Battalion."
669,"1/10th Battalion."
670,"196th Territorial Force Depot."
671,"198th Territorial Force Depot."
672,"51st (G) Battalion."
674,"1st. G.N. Battn., Roy. Scots, Lothian Regt."
675,"3rd. Battalion."
676,"4th. (Res.) Battalion."
679,"4th (Hallamshire) (T.F.) Battalion."
680,"1/4th (Hallamshire) (T.F.) Battalion."
681,"2/4th (Hallamshire) (T.F.) Battalion."
682,"3/4th (Hallamshire) (T.F.) Battalion."
683,"5th (T.F.) Battalion."
684,"4th (Reserve) (T.F.) Battalion."
685,"6th (Service) Battalion."
686,"12th (Service) (Sheffield) Battalion."
687,"13th (Service) (1st Barnsley) Battalion."
688,"14th (Service) (2nd Barnsley) Battalion."
689,"16th (Transport Workers) Battalion."
690,"17th (Labour) Battalion."
691,"96th (T.F.) Depot."
692,"26th (Provisional) Battalion."
693,"27th (Provisional) Battalion."
694,"91st (Training Reserve) Battalion."
695,"11/13th Battalion."
696,"1/8th London Regiment."
698,"3rd (Res.) Garrison Battalion."
700,"4th Battalion"
702,"1/22nd London."
703,"1/24th Battalion."
704,"2/24th Battalion."
705,"51st Y.S. Battalion."
706,"52nd Y.S. Battalion."
707,"53rd Y.S. Battalion."
708,"7th Labour Company."
709,"9th Labour Company."
710,"10th Labour Company."
711,"13th Infantry Labour Company."
712,"14th Labour Company."
713,"15th Labour Company."
714,"16th Labour Company."
715,"17th Labour Company."
716,"19th Labour Company."
717,"20th Labour Company."
718,"22nd Labour Company."
719,"23rd Labour Company."
720,"24th Labour Company."
721,"26th Labour Company."
722,"27th Labour Company."
723,"29th Labour Company."
724,"30th Labour Company."
725,"93rd Labour Company."
726,"125th Labour Company."
727,"128th Labour Company."
728,"2nd Depot Labour Company."
729,"20th Garrison Battalion."
730,"33rd London Regiment."
731,"1/5th London Regiment."
732,"2/5th London Regiment."
734,"2/8th London Regiment."
735,"1/10th London Regiment."
736,"2/10th London Regiment."
737,"1/17th London Regiment."
738,"2/17th London Regiment."
739,"1/28th Regiment."
740,"1/1st King's African Rifles."
741,"2/2nd King's African Rifles."
742,"Fijian Labour Contingent. Attached the Rifle Brigade (Prince Consort's Own)."
743,"Rifle Depot."
744,"18th (London) Battalion. (Territorial)."
745,"19th (Western) Battalion. (Territorial)."
746,"20th (Northern) Battalion (Territorial)."
747,"21st (Midland) Battalion (Territorial)."
748,"22nd (Wessex & Welsh) Battalion (Territorial)."
749,"23rd (North Western) Battalion (Territorial)."
750,"24th (Home Counties) Battalion (Territorial)."
751,"25th (Reserve) Garrison Battalion (Territorial)."
753,"(Infantry)."
754,"Training Reserve Battalions."
755,"(Motor Branch)."
757,"1st (City of London) Battalion (Royal Fusiliers)."
758,"2nd (City of London) Battalion (Royal Fusiliers)."
759,"3rd (City of London) Battalion (Royal Fusiliers)."
760,"4th (City of London) Battalion (Royal Fusiliers)."
761,"29th (City of London) Battalion (Royal Fusiliers)."
762,"30th (City of London) Battalion (Royal Fusiliers)."
765,"6th (City of London) Battalion (Rifles)."
766,"9th (County of London) Battalion (Queen Victoria's Rifles)."
767,"11th (County of London) Battalion (Finsbury Rifles)."
768,"12th (County of London) Battalion (The Rangers)."
769,"13th (County of London) Battalion (Princess Louise's Kensington Battalion)."
770,"15th (County of London) Battalion (P.W.O. Civil Service Rifles)."
771,"16th (County of London) Battalion (Queen's Westminster Rifles)."
772,"31st (County of London) Battalion."
773,"32nd (County of London) Battalion."
774,"34th (County of London) Battalion."
775,"5th (City of London) Battalion (London Rifle Brigade)."
776,"8th (City of London) Battalion (Post Office Rifles)."
777,"10th (County of London) Battalion (Hackney)."
778,"17th (County of London) Battalion (Poplar and Stepney Rifles)."
779,"25th (County of London) Battalion (Cyclists)."
780,"28th (County of London) Battalion (Artists Rifles)."
781,"33rd (City of London) Battalion."
782,"7th (City of London) Battalion."
783,"19th (County of London) Battalion (St. Pancras)."
784,"20th (County of London) Battalion (Blackheath and Woolwich)."
785,"21st (County of London) Battalion (1st Surrey Rifles)."
786,"23rd (County of London) Battalion."
787,"22nd (County of London) Battalion (The Queen's)."
788,"24th (County of London) Battalion (The Queen's)."
791,"Royal Guernsey Light Infantry. 1st (Service) Battalion."
792,"Royal Guernsey Light Infantry. 2nd (Reserve) Battalion."
793,"Royal Jersey Garrison Battalion."
83,"Cheshire Yeomanry (Earl of Chester Hussars)."
84,"Royal 1st Devon Yeomanry (Hussars)."
85,"Royal North Devon Hussars Yeomanry."
86,"Dorset (Queen's Own) Yeomanry."
87,"Royal Gloucestershire Hussars, Yeomanry."
88,"Royal East Kent Yeomanry. (The Duke of Connaught's Own Mounted Rifles)."
89,"Queen's Own West Kent Hussars."
90,"Lancashire Hussars."
91,"Leicestershire Yeomanry."
92,"1st County of London Yeomanry. (Middlesex Duke of Cambridge's Hussars)."
93,"3rd County of London Yeomanry. (Sharpshooters Hussars)."
94,"Northumberland Hussars."
95,"Notts Yeomanry (Sherwood Rangers)."
96,"South Nottinghamshire Hussars."
97,"Queen's Own Oxfordshire Hussars."
98,"Pembroke Yeomanry."
99,"West Somerset Hussars"
100,"Staffordshire Yeomanry (Queen's Own Royal Regiment)."
101,"Suffolk Yeomanry (The Duke of York's Own Loyal Suffolk Hussars)."
102,"Warwickshire Yeomanry."
103,"Westmoreland and Cumberland Hussars."
104,"Royal Wiltshire Hussars. (Prince of Wales' Own Royal Regiment.)"
105,"Worcester Yeomanry. (The Queen's Own Worcestershire Hussars.)"
106,"Yorkshire Hussars. (Alexandra Princess of Wales' Own.)"
107,"Imperial Camel Corps."
109,"1st Battalion."
110,"2nd Battalion."
111,"3rd Battalion."
112,"4th Battalion."
113,"5th Battalion."
114,"6th Battalion."
115,"7th Battalion."
116,"8th Battalion."
117,"9th Battalion."
118,"10th Battalion."
119,"10th Battalion (Intelligence Police)."
120,"11th Battalion."
121,"12th Battalion."
122,"13th Battalion."
123,"17th Battalion."
124,"18th Battalion."
125,"19th Battalion."
126,"20th Battalion."
127,"21st Battalion."
128,"22nd Battalion."
129,"23rd Battalion."
130,"24th Battalion."
131,"25th Battalion."
132,"26th Battalion."
133,"27th Battalion."
134,"32nd Battalion."
135,"34th Battalion."
136,"35th Battalion."
137,"36th Battalion."
138,"37th Battalion."
139,"38th, 39th and 40th Battalions (Jewish)."
140,"43rd Garrison Battalion."
141,"44th Garrison Battalion."
142,"45th Battalion."
143,"46th Battalion."
144,"Depot."
145,"Posted 1st London Regiment."
146,"Posted 1/2nd London Regiment"
147,"Posted 2/2nd London."
148,"Posted 3rd London Regiment."
149,"Posted 1/4th London Regiment."
150,"Posted 2/4th London."
151,"31st (Training Reserve) Battalion."
152,"32nd (Training Reserve) Battalion."
153,"103rd (Training Reserve) Battalion."
154,"105th (Training Reserve) Battalion."
155,"24th (Recruits Distribution) Battalion."
156,"9th City of London Q.V. Rifles."
157,"1/4th Battalion."
158,"2/4th Battalion."
159,"1/5th Battalion."
160,"2/5th Battalion."
161,"14th Battalion."
162,"15th Battalion."
163,"16th Battalion."
165,"4th Reserve Battalion."
166,"2/6th Battalion."
167,"2/7th Battalion."
168,"6/7th Battalion."
169,"8/10th Battalion."
170,"1st Garrison Battalion."
171,"51st Battalion."
172,"52nd Battalion."
173,"53rd Battalion."
174,"Depot"
175,"1/14th London Regiment."
176,"2/14th London Regiment."
177,"Attached King's African Rifles."
178,"Attached West African Regiment."
179,"Attached Oxfordshire and Buckinghamshire Regiment."
180,"5th Reserve Battalion."
181,"3/5th Battalion."
